{"cameraMode":{"drawMode":0,"name":"Shaded","section":"Shading Mode"},"sceneLighting":true,"audioPlay":false,"sceneViewState":{"showFog":true,"showMaterialUpdate":false,"showSkybox":true,"showFlares":true,"showImageEffects":true,"showParticleSystems":true},"in2DMode":false,"pivot":{"x":2.8081912994384767,"y":0.2884345054626465,"z":0.3667106628417969},"rotation":{"x":-0.0429794006049633,"y":0.9306618571281433,"z":-0.34427058696746828,"w":-0.11618571728467941},"size":14.386701583862305,"orthographic":false}